-- phpMyAdmin SQL Dump
-- version 4.0.4.1
-- http://www.phpmyadmin.net
--
-- Host: 127.0.0.1
-- Generation Time: May 21, 2015 at 05:47 AM
-- Server version: 5.5.32
-- PHP Version: 5.4.19

SET SQL_MODE = "NO_AUTO_VALUE_ON_ZERO";
SET time_zone = "+00:00";


/*!40101 SET @OLD_CHARACTER_SET_CLIENT=@@CHARACTER_SET_CLIENT */;
/*!40101 SET @OLD_CHARACTER_SET_RESULTS=@@CHARACTER_SET_RESULTS */;
/*!40101 SET @OLD_COLLATION_CONNECTION=@@COLLATION_CONNECTION */;
/*!40101 SET NAMES utf8 */;

--
-- Database: `u774320163_blog`
--
CREATE DATABASE IF NOT EXISTS `u774320163_blog` DEFAULT CHARACTER SET utf8 COLLATE utf8_general_ci;
USE `u774320163_blog`;

-- --------------------------------------------------------

--
-- Table structure for table `admin`
--

CREATE TABLE IF NOT EXISTS `admin` (
  `admin_id` int(10) unsigned NOT NULL AUTO_INCREMENT,
  `username` varchar(255) COLLATE utf8_unicode_ci NOT NULL,
  `password` varchar(255) COLLATE utf8_unicode_ci NOT NULL,
  `pictured` varchar(255) COLLATE utf8_unicode_ci NOT NULL,
  `remember_token` varchar(100) COLLATE utf8_unicode_ci DEFAULT NULL,
  `created_at` timestamp NOT NULL DEFAULT '0000-00-00 00:00:00',
  `updated_at` timestamp NOT NULL DEFAULT '0000-00-00 00:00:00',
  PRIMARY KEY (`admin_id`)
) ENGINE=InnoDB DEFAULT CHARSET=utf8 COLLATE=utf8_unicode_ci AUTO_INCREMENT=1 ;

-- --------------------------------------------------------

--
-- Table structure for table `categories`
--

CREATE TABLE IF NOT EXISTS `categories` (
  `id` int(10) unsigned NOT NULL AUTO_INCREMENT,
  `categories` varchar(255) COLLATE utf8_unicode_ci NOT NULL,
  `created_at` timestamp NOT NULL DEFAULT '0000-00-00 00:00:00',
  `updated_at` timestamp NOT NULL DEFAULT '0000-00-00 00:00:00',
  PRIMARY KEY (`id`)
) ENGINE=InnoDB  DEFAULT CHARSET=utf8 COLLATE=utf8_unicode_ci AUTO_INCREMENT=8 ;

--
-- Dumping data for table `categories`
--

INSERT INTO `categories` (`id`, `categories`, `created_at`, `updated_at`) VALUES
(1, 'Natural', '2015-05-14 06:52:03', '2015-05-14 06:52:03'),
(2, 'Business', '2015-05-14 06:52:19', '2015-05-14 06:52:19'),
(3, 'Sports', '2015-05-14 06:52:48', '2015-05-14 06:52:48'),
(4, 'Technology', '2015-05-14 06:53:02', '2015-05-14 06:53:02'),
(5, 'Tourism', '2015-05-14 06:54:20', '2015-05-14 06:54:20'),
(6, 'Life and style', '2015-05-14 06:55:26', '2015-05-14 06:55:26'),
(7, 'Fashion', '2015-05-14 07:09:53', '2015-05-14 07:09:53');

-- --------------------------------------------------------

--
-- Table structure for table `comments`
--

CREATE TABLE IF NOT EXISTS `comments` (
  `id` int(10) unsigned NOT NULL AUTO_INCREMENT,
  `post_id` int(10) unsigned NOT NULL,
  `commenter` varchar(255) COLLATE utf8_unicode_ci NOT NULL,
  `comment` text COLLATE utf8_unicode_ci NOT NULL,
  `approved` tinyint(1) NOT NULL,
  `created_at` timestamp NOT NULL DEFAULT '0000-00-00 00:00:00',
  `updated_at` timestamp NOT NULL DEFAULT '0000-00-00 00:00:00',
  PRIMARY KEY (`id`)
) ENGINE=InnoDB  DEFAULT CHARSET=utf8 COLLATE=utf8_unicode_ci AUTO_INCREMENT=3 ;

--
-- Dumping data for table `comments`
--

INSERT INTO `comments` (`id`, `post_id`, `commenter`, `comment`, `approved`, `created_at`, `updated_at`) VALUES
(1, 1, 'itachi', 'hello', 1, '2015-05-14 07:11:03', '2015-05-14 07:11:03'),
(2, 17, 'sasuke', 'hello\r\n', 1, '2015-05-14 17:25:58', '2015-05-14 17:25:58');

-- --------------------------------------------------------

--
-- Table structure for table `image`
--

CREATE TABLE IF NOT EXISTS `image` (
  `id` int(10) unsigned NOT NULL AUTO_INCREMENT,
  `imgthumb` varchar(255) COLLATE utf8_unicode_ci NOT NULL,
  `imgalbum` varchar(255) COLLATE utf8_unicode_ci NOT NULL,
  `user_id` int(11) NOT NULL,
  `created_at` timestamp NOT NULL DEFAULT '0000-00-00 00:00:00',
  `updated_at` timestamp NOT NULL DEFAULT '0000-00-00 00:00:00',
  PRIMARY KEY (`id`)
) ENGINE=InnoDB DEFAULT CHARSET=utf8 COLLATE=utf8_unicode_ci AUTO_INCREMENT=1 ;

-- --------------------------------------------------------

--
-- Table structure for table `migrations`
--

CREATE TABLE IF NOT EXISTS `migrations` (
  `migration` varchar(255) COLLATE utf8_unicode_ci NOT NULL,
  `batch` int(11) NOT NULL
) ENGINE=InnoDB DEFAULT CHARSET=utf8 COLLATE=utf8_unicode_ci;

--
-- Dumping data for table `migrations`
--

INSERT INTO `migrations` (`migration`, `batch`) VALUES
('2014_09_14_164941_users_table', 1),
('2014_09_14_170613_image_table', 1),
('2015_04_19_033839_create_posts_table', 1),
('2015_04_19_034139_create_comments_table', 1),
('2015_04_20_131627_create_categories_table', 1),
('2015_04_20_141843_create_admin_table', 1);

-- --------------------------------------------------------

--
-- Table structure for table `posts`
--

CREATE TABLE IF NOT EXISTS `posts` (
  `id` int(10) unsigned NOT NULL AUTO_INCREMENT,
  `categories_id` int(10) unsigned NOT NULL,
  `title` varchar(255) COLLATE utf8_unicode_ci NOT NULL,
  `author` varchar(255) COLLATE utf8_unicode_ci NOT NULL,
  `image` varchar(255) COLLATE utf8_unicode_ci NOT NULL,
  `read_more` varchar(255) COLLATE utf8_unicode_ci NOT NULL,
  `content` text COLLATE utf8_unicode_ci NOT NULL,
  `comment_count` int(10) unsigned NOT NULL,
  `view_count` int(10) unsigned NOT NULL,
  `created_at` timestamp NOT NULL DEFAULT '0000-00-00 00:00:00',
  `updated_at` timestamp NOT NULL DEFAULT '0000-00-00 00:00:00',
  PRIMARY KEY (`id`),
  FULLTEXT KEY `search` (`title`,`content`)
) ENGINE=MyISAM  DEFAULT CHARSET=utf8 COLLATE=utf8_unicode_ci AUTO_INCREMENT=18 ;

--
-- Dumping data for table `posts`
--

INSERT INTO `posts` (`id`, `categories_id`, `title`, `author`, `image`, `read_more`, `content`, `comment_count`, `view_count`, `created_at`, `updated_at`) VALUES
(1, 6, 'Nullam ut magna non lacus adipiscing', 'itachi', 'ef6e3c.jpg', 'Nunc tincidunt, elit non cursus euismod, lacus augue ornare metus, egestas imperdiet nulla nisl quis', 'Nunc tincidunt, elit non cursus euismod, lacus augue ornare metus, egestas imperdiet nulla nisl quis mauris. Suspendisse a pharetra urna. Morbi dui lectus, pharetra nec elementum eget, vulputate ut nisi. Aliquam accumsan, nulla sed feugiat vehicula, lacus justo semper libero, quis porttitor turpis odio sit amet ligula. Duis dapibus fermentum orci, nec malesuada libero vehicula ut. Integer sodales, urna eget interdum eleifend, nulla nibh laoreet nisl, quis dignissim mauris dolor eget mi. Donec at mauris enim. Duis nisi tellus, adipiscing a convallis quis, tristique vitae risus. Nullam molestie gravida lobortis. Proin ut nibh quis felis auctor ornare. Cras ultricies, nibh at mollis faucibus, justo eros porttitor mi, quis auctor lectus arcu sit amet nunc. Vivamus gravida vehicula arcu, vitae vulputate augue lacinia faucibus.', 1, 0, '2015-05-14 14:00:47', '2015-05-14 14:00:47'),
(2, 2, 'Vivamus gravida vehicula arcu', 'itachi', 'ae9aea.jpg', 'Nunc tincidunt, elit non cursus euismod, lacus augue ornare metus, egestas imperdiet nulla nisl quis', 'Nunc tincidunt, elit non cursus euismod, lacus augue ornare metus, egestas imperdiet nulla nisl quis mauris. Suspendisse a pharetra urna. Morbi dui lectus, pharetra nec elementum eget, vulputate ut nisi. Aliquam accumsan, nulla sed feugiat vehicula, lacus justo semper libero, quis porttitor turpis odio sit amet ligula. Duis dapibus fermentum orci, nec malesuada libero vehicula ut. Integer sodales, urna eget interdum eleifend, nulla nibh laoreet nisl, quis dignissim mauris dolor eget mi. Donec at mauris enim. Duis nisi tellus, adipiscing a convallis quis, tristique vitae risus. Nullam molestie gravida lobortis. Proin ut nibh quis felis auctor ornare. Cras ultricies, nibh at mollis faucibus, justo eros porttitor mi, quis auctor lectus arcu sit amet nunc. Vivamus gravida vehicula arcu, vitae vulputate augue lacinia faucibus.\r\nDonec volutpat nibh sit amet libero ornare non laoreet arcu luctus. Donec id arcu quis mauris euismod placerat sit amet ut metus. Sed imperdiet fringilla sem eget euismod. Pellentesque habitant morbi tristique senectus et netus et malesuada fames ac turpis egestas. Pellentesque adipiscing, neque ut pulvinar tincidunt, est sem euismod odio, eu ullamcorper turpis nisl sit amet velit. Nullam vitae nibh odio, non scelerisque nibh. Vestibulum ut est augue, in varius purus.\r\nQuisque ligulas ipsum, euismod atras vulputate iltricies etri elit. Class aptent taciti sociosqu ad litora torquent per conubia nostra, per inceptos himenaeos. Nulla nunc dui, tristique in semper vel, congue sed ligula. Nam dolor ligula, faucibus id sodales in, auctor fringilla libero. Pellentesque pellentesque tempor tellus eget hendrerit. Morbi id aliquam ligula. Aliquam id dui sem. Proin rhoncus consequat nisl, eu ornare mauris tincidunt vitae. Vestibulum sodales ante a purus volutpat euismod. Proin sodales quam nec ante sollicitudin lacinia. Ut egestas bibendum tempor. Morbi non nibh sit amet ligula blandit ullamcorper in nec risus. Pellentesque fringilla diam faucibus tortor bibendum vulputate. Etiam turpis urna, rhoncus et mattis ut, dapibus eu nunc. Nunc sed aliquet nisi. Nullam ut magna non lacus adipiscing volutpat. Aenean odio mauris, consectetur quis consequat quis, blandit a nunc. Sed orci erat, placerat ac interdum ut, suscipit eu augue. Nunc vitae mi tortor. Ut vel justo quis lectus elementum ullamcorper volutpat vel libero.', 0, 0, '2015-05-14 14:49:44', '2015-05-14 14:49:44'),
(3, 3, 'Integer rhoncus massa magna, a pharetra', 'madara', 'dead1a.jpg', 'Interdum et malesuada fames ac ante ipsum primis in faucibus. Sed nec laoreet orci, eget ullamcorper', 'Interdum et malesuada fames ac ante ipsum primis in faucibus. Sed nec laoreet orci, eget ullamcorper quam. Phasellus lorem neque, scelerisque et faucibus vitae, dapibus eu erat. Duis feugiat leo eu interdum aliquam. Aliquam egestas, lorem a tristique sodales, erat magna ultricies lacus, in viverra erat lorem sit amet turpis. Vivamus laoreet consectetur fringilla. Nam ac consectetur orci, ac eleifend sem. Ut dictum dignissim tellus, ac volutpat purus aliquam et. Donec nibh mauris, vehicula eu iaculis eget, ornare vel libero. Donec non molestie libero. Class aptent taciti sociosqu ad litora torquent per conubia nostra, per inceptos himenaeos. Cras eu orci quis magna mollis imperdiet. Ut ante mauris, rhoncus vel bibendum eu, malesuada vitae lectus. Nunc luctus sem at tempor rutrum. Duis ultricies, felis ut malesuada gravida, ante diam fringilla nibh, vel pharetra felis felis sed dui. Ut eget sem id mi faucibus molestie.\r\nNam scelerisque turpis eu tellus ultrices ullamcorper. Cum sociis natoque penatibus et magnis dis parturient montes, nascetur ridiculus mus. Aenean pretium urna eu mauris suscipit, quis pellentesque lacus imperdiet. Cum sociis natoque penatibus et magnis dis parturient montes, nascetur ridiculus mus. Maecenas leo odio, dignissim eget fringilla et, semper ac justo. Proin sodales vestibulum ultricies. Duis porttitor enim nibh, eget dictum diam semper pretium. Nam eleifend nisi eu nisi tempor fermentum. Quisque pellentesque mi non dui laoreet porttitor. Aenean nec justo quis neque viverra gravida. Aenean scelerisque at massa ac consectetur. Nam aliquet leo quis felis egestas, ut congue arcu elementum. Vestibulum varius urna et lectus pretium, ac iaculis dolor lacinia. Sed pulvinar dapibus egestas. Fusce dolor diam, tempor eu auctor at, laoreet in dui.\r\nVivamus molestie sed urna ut blandit. Phasellus condimentum neque vel dui cursus, eu egestas ipsum vulputate. Nulla elementum aliquet sapien, facilisis fringilla sem condimentum nec. Pellentesque a risus arcu. Ut lacinia fringilla lobortis. Sed id nunc et mi convallis vestibulum. Phasellus auctor nisi felis. Donec dolor arcu, pharetra quis est et, ultrices feugiat sem. Ut vestibulum varius eros in sollicitudin. Nam a interdum urna. Duis facilisis eget ante vel eleifend. Aliquam imperdiet lobortis lacus ac volutpat.\r\nMauris sed scelerisque eros. Aliquam cursus orci mauris, et egestas enim bibendum rutrum. Nullam tristique enim rutrum ante fringilla cursus. In mollis, odio sit amet fringilla congue, elit nulla sagittis justo, ut volutpat sem arcu a magna. Vivamus quis massa felis. Nunc id tincidunt dolor. Praesent sed lorem accumsan, pretium turpis vel, auctor nisi. Nulla at diam nec massa tristique placerat. Ut non mi ut enim laoreet interdum id in odio. Quisque gravida lectus ut ipsum ultrices laoreet. Fusce a velit dictum, porttitor sem vitae, dapibus ligula. Morbi at magna justo.\r\nMorbi vulputate dapibus pulvinar. Duis pharetra bibendum blandit. Donec sagittis quam at mi fringilla auctor. Sed pretium egestas orci molestie molestie. Nunc accumsan est vitae auctor malesuada. Nunc vitae feugiat ligula, ac vulputate purus. Ut libero libero, varius sed dictum id, lacinia in sapien. Vestibulum pulvinar quis ligula et fringilla. Nullam nec augue lorem.\r\n\r\n\r\nAliquam sed eros erat. Mauris ullamcorper dolor id nisl blandit, ultricies eleifend sem sollicitudin. Cras volutpat tellus vitae ligula vulputate, ut porta dolor feugiat. Donec posuere risus eget dolor condimentum scelerisque. Maecenas malesuada felis vel viverra hendrerit. Cras interdum euismod pulvinar. Interdum et malesuada fames ac ante ipsum primis in faucibus. Pellentesque tellus elit, viverra eget suscipit a, malesuada non tellus. Duis et leo vulputate, laoreet nulla ac, faucibus nibh. Ut vitae ligula ut eros condimentum eleifend. Duis vulputate imperdiet libero, et porta odio placerat vitae. Duis nec imperdiet elit.', 0, 0, '2015-05-14 17:38:10', '2015-05-14 17:38:10'),
(4, 3, 'Phasellus eleifend sed purus sed pretium', 'madara', 'd01583.jpg', 'Interdum et malesuada fames ac ante ipsum primis in faucibus. Sed nec laoreet orci, eget ullamcorper', 'Interdum et malesuada fames ac ante ipsum primis in faucibus. Sed nec laoreet orci, eget ullamcorper quam. Phasellus lorem neque, scelerisque et faucibus vitae, dapibus eu erat. Duis feugiat leo eu interdum aliquam. Aliquam egestas, lorem a tristique sodales, erat magna ultricies lacus, in viverra erat lorem sit amet turpis. Vivamus laoreet consectetur fringilla. Nam ac consectetur orci, ac eleifend sem. Ut dictum dignissim tellus, ac volutpat purus aliquam et. Donec nibh mauris, vehicula eu iaculis eget, ornare vel libero. Donec non molestie libero. Class aptent taciti sociosqu ad litora torquent per conubia nostra, per inceptos himenaeos. Cras eu orci quis magna mollis imperdiet. Ut ante mauris, rhoncus vel bibendum eu, malesuada vitae lectus. Nunc luctus sem at tempor rutrum. Duis ultricies, felis ut malesuada gravida, ante diam fringilla nibh, vel pharetra felis felis sed dui. Ut eget sem id mi faucibus molestie.\r\nNam scelerisque turpis eu tellus ultrices ullamcorper. Cum sociis natoque penatibus et magnis dis parturient montes, nascetur ridiculus mus. Aenean pretium urna eu mauris suscipit, quis pellentesque lacus imperdiet. Cum sociis natoque penatibus et magnis dis parturient montes, nascetur ridiculus mus. Maecenas leo odio, dignissim eget fringilla et, semper ac justo. Proin sodales vestibulum ultricies. Duis porttitor enim nibh, eget dictum diam semper pretium. Nam eleifend nisi eu nisi tempor fermentum. Quisque pellentesque mi non dui laoreet porttitor. Aenean nec justo quis neque viverra gravida. Aenean scelerisque at massa ac consectetur. Nam aliquet leo quis felis egestas, ut congue arcu elementum. Vestibulum varius urna et lectus pretium, ac iaculis dolor lacinia. Sed pulvinar dapibus egestas. Fusce dolor diam, tempor eu auctor at, laoreet in dui.\r\nVivamus molestie sed urna ut blandit. Phasellus condimentum neque vel dui cursus, eu egestas ipsum vulputate. Nulla elementum aliquet sapien, facilisis fringilla sem condimentum nec. Pellentesque a risus arcu. Ut lacinia fringilla lobortis. Sed id nunc et mi convallis vestibulum. Phasellus auctor nisi felis. Donec dolor arcu, pharetra quis est et, ultrices feugiat sem. Ut vestibulum varius eros in sollicitudin. Nam a interdum urna. Duis facilisis eget ante vel eleifend. Aliquam imperdiet lobortis lacus ac volutpat.\r\nMauris sed scelerisque eros. Aliquam cursus orci mauris, et egestas enim bibendum rutrum. Nullam tristique enim rutrum ante fringilla cursus. In mollis, odio sit amet fringilla congue, elit nulla sagittis justo, ut volutpat sem arcu a magna. Vivamus quis massa felis. Nunc id tincidunt dolor. Praesent sed lorem accumsan, pretium turpis vel, auctor nisi. Nulla at diam nec massa tristique placerat. Ut non mi ut enim laoreet interdum id in odio. Quisque gravida lectus ut ipsum ultrices laoreet. Fusce a velit dictum, porttitor sem vitae, dapibus ligula. Morbi at magna justo.\r\nMorbi vulputate dapibus pulvinar. Duis pharetra bibendum blandit. Donec sagittis quam at mi fringilla auctor. Sed pretium egestas orci molestie molestie. Nunc accumsan est vitae auctor malesuada. Nunc vitae feugiat ligula, ac vulputate purus. Ut libero libero, varius sed dictum id, lacinia in sapien. Vestibulum pulvinar quis ligula et fringilla. Nullam nec augue lorem.\r\n\r\n\r\nAliquam sed eros erat. Mauris ullamcorper dolor id nisl blandit, ultricies eleifend sem sollicitudin. Cras volutpat tellus vitae ligula vulputate, ut porta dolor feugiat. Donec posuere risus eget dolor condimentum scelerisque. Maecenas malesuada felis vel viverra hendrerit. Cras interdum euismod pulvinar. Interdum et malesuada fames ac ante ipsum primis in faucibus. Pellentesque tellus elit, viverra eget suscipit a, malesuada non tellus. Duis et leo vulputate, laoreet nulla ac, faucibus nibh. Ut vitae ligula ut eros condimentum eleifend. Duis vulputate imperdiet libero, et porta odio placerat vitae. Duis nec imperdiet elit.', 0, 0, '2015-05-14 17:39:49', '2015-05-14 17:39:49'),
(5, 3, 'Ut fringilla placerat libero, sed viverra nunc', 'madara', '5597fe.jpg', 'Interdum et malesuada fames ac ante ipsum primis in faucibus. Sed nec laoreet orci, eget ullamcorper', 'Interdum et malesuada fames ac ante ipsum primis in faucibus. Sed nec laoreet orci, eget ullamcorper quam. Phasellus lorem neque, scelerisque et faucibus vitae, dapibus eu erat. Duis feugiat leo eu interdum aliquam. Aliquam egestas, lorem a tristique sodales, erat magna ultricies lacus, in viverra erat lorem sit amet turpis. Vivamus laoreet consectetur fringilla. Nam ac consectetur orci, ac eleifend sem. Ut dictum dignissim tellus, ac volutpat purus aliquam et. Donec nibh mauris, vehicula eu iaculis eget, ornare vel libero. Donec non molestie libero. Class aptent taciti sociosqu ad litora torquent per conubia nostra, per inceptos himenaeos. Cras eu orci quis magna mollis imperdiet. Ut ante mauris, rhoncus vel bibendum eu, malesuada vitae lectus. Nunc luctus sem at tempor rutrum. Duis ultricies, felis ut malesuada gravida, ante diam fringilla nibh, vel pharetra felis felis sed dui. Ut eget sem id mi faucibus molestie.\r\nNam scelerisque turpis eu tellus ultrices ullamcorper. Cum sociis natoque penatibus et magnis dis parturient montes, nascetur ridiculus mus. Aenean pretium urna eu mauris suscipit, quis pellentesque lacus imperdiet. Cum sociis natoque penatibus et magnis dis parturient montes, nascetur ridiculus mus. Maecenas leo odio, dignissim eget fringilla et, semper ac justo. Proin sodales vestibulum ultricies. Duis porttitor enim nibh, eget dictum diam semper pretium. Nam eleifend nisi eu nisi tempor fermentum. Quisque pellentesque mi non dui laoreet porttitor. Aenean nec justo quis neque viverra gravida. Aenean scelerisque at massa ac consectetur. Nam aliquet leo quis felis egestas, ut congue arcu elementum. Vestibulum varius urna et lectus pretium, ac iaculis dolor lacinia. Sed pulvinar dapibus egestas. Fusce dolor diam, tempor eu auctor at, laoreet in dui.\r\nVivamus molestie sed urna ut blandit. Phasellus condimentum neque vel dui cursus, eu egestas ipsum vulputate. Nulla elementum aliquet sapien, facilisis fringilla sem condimentum nec. Pellentesque a risus arcu. Ut lacinia fringilla lobortis. Sed id nunc et mi convallis vestibulum. Phasellus auctor nisi felis. Donec dolor arcu, pharetra quis est et, ultrices feugiat sem. Ut vestibulum varius eros in sollicitudin. Nam a interdum urna. Duis facilisis eget ante vel eleifend. Aliquam imperdiet lobortis lacus ac volutpat.\r\nMauris sed scelerisque eros. Aliquam cursus orci mauris, et egestas enim bibendum rutrum. Nullam tristique enim rutrum ante fringilla cursus. In mollis, odio sit amet fringilla congue, elit nulla sagittis justo, ut volutpat sem arcu a magna. Vivamus quis massa felis. Nunc id tincidunt dolor. Praesent sed lorem accumsan, pretium turpis vel, auctor nisi. Nulla at diam nec massa tristique placerat. Ut non mi ut enim laoreet interdum id in odio. Quisque gravida lectus ut ipsum ultrices laoreet. Fusce a velit dictum, porttitor sem vitae, dapibus ligula. Morbi at magna justo.\r\nMorbi vulputate dapibus pulvinar. Duis pharetra bibendum blandit. Donec sagittis quam at mi fringilla auctor. Sed pretium egestas orci molestie molestie. Nunc accumsan est vitae auctor malesuada. Nunc vitae feugiat ligula, ac vulputate purus. Ut libero libero, varius sed dictum id, lacinia in sapien. Vestibulum pulvinar quis ligula et fringilla. Nullam nec augue lorem.\r\n\r\n\r\nAliquam sed eros erat. Mauris ullamcorper dolor id nisl blandit, ultricies eleifend sem sollicitudin. Cras volutpat tellus vitae ligula vulputate, ut porta dolor feugiat. Donec posuere risus eget dolor condimentum scelerisque. Maecenas malesuada felis vel viverra hendrerit. Cras interdum euismod pulvinar. Interdum et malesuada fames ac ante ipsum primis in faucibus. Pellentesque tellus elit, viverra eget suscipit a, malesuada non tellus. Duis et leo vulputate, laoreet nulla ac, faucibus nibh. Ut vitae ligula ut eros condimentum eleifend. Duis vulputate imperdiet libero, et porta odio placerat vitae. Duis nec imperdiet elit.', 0, 0, '2015-05-14 17:41:27', '2015-05-14 17:41:27'),
(6, 1, 'Etiam pharetra quam et massa luctus', 'madara', 'acfd3b.jpg', 'Interdum et malesuada fames ac ante ipsum primis in faucibus. Sed nec laoreet orci, eget ullamcorper', 'Interdum et malesuada fames ac ante ipsum primis in faucibus. Sed nec laoreet orci, eget ullamcorper quam. Phasellus lorem neque, scelerisque et faucibus vitae, dapibus eu erat. Duis feugiat leo eu interdum aliquam. Aliquam egestas, lorem a tristique sodales, erat magna ultricies lacus, in viverra erat lorem sit amet turpis. Vivamus laoreet consectetur fringilla. Nam ac consectetur orci, ac eleifend sem. Ut dictum dignissim tellus, ac volutpat purus aliquam et. Donec nibh mauris, vehicula eu iaculis eget, ornare vel libero. Donec non molestie libero. Class aptent taciti sociosqu ad litora torquent per conubia nostra, per inceptos himenaeos. Cras eu orci quis magna mollis imperdiet. Ut ante mauris, rhoncus vel bibendum eu, malesuada vitae lectus. Nunc luctus sem at tempor rutrum. Duis ultricies, felis ut malesuada gravida, ante diam fringilla nibh, vel pharetra felis felis sed dui. Ut eget sem id mi faucibus molestie.\r\nNam scelerisque turpis eu tellus ultrices ullamcorper. Cum sociis natoque penatibus et magnis dis parturient montes, nascetur ridiculus mus. Aenean pretium urna eu mauris suscipit, quis pellentesque lacus imperdiet. Cum sociis natoque penatibus et magnis dis parturient montes, nascetur ridiculus mus. Maecenas leo odio, dignissim eget fringilla et, semper ac justo. Proin sodales vestibulum ultricies. Duis porttitor enim nibh, eget dictum diam semper pretium. Nam eleifend nisi eu nisi tempor fermentum. Quisque pellentesque mi non dui laoreet porttitor. Aenean nec justo quis neque viverra gravida. Aenean scelerisque at massa ac consectetur. Nam aliquet leo quis felis egestas, ut congue arcu elementum. Vestibulum varius urna et lectus pretium, ac iaculis dolor lacinia. Sed pulvinar dapibus egestas. Fusce dolor diam, tempor eu auctor at, laoreet in dui.\r\nVivamus molestie sed urna ut blandit. Phasellus condimentum neque vel dui cursus, eu egestas ipsum vulputate. Nulla elementum aliquet sapien, facilisis fringilla sem condimentum nec. Pellentesque a risus arcu. Ut lacinia fringilla lobortis. Sed id nunc et mi convallis vestibulum. Phasellus auctor nisi felis. Donec dolor arcu, pharetra quis est et, ultrices feugiat sem. Ut vestibulum varius eros in sollicitudin. Nam a interdum urna. Duis facilisis eget ante vel eleifend. Aliquam imperdiet lobortis lacus ac volutpat.\r\nMauris sed scelerisque eros. Aliquam cursus orci mauris, et egestas enim bibendum rutrum. Nullam tristique enim rutrum ante fringilla cursus. In mollis, odio sit amet fringilla congue, elit nulla sagittis justo, ut volutpat sem arcu a magna. Vivamus quis massa felis. Nunc id tincidunt dolor. Praesent sed lorem accumsan, pretium turpis vel, auctor nisi. Nulla at diam nec massa tristique placerat. Ut non mi ut enim laoreet interdum id in odio. Quisque gravida lectus ut ipsum ultrices laoreet. Fusce a velit dictum, porttitor sem vitae, dapibus ligula. Morbi at magna justo.\r\nMorbi vulputate dapibus pulvinar. Duis pharetra bibendum blandit. Donec sagittis quam at mi fringilla auctor. Sed pretium egestas orci molestie molestie. Nunc accumsan est vitae auctor malesuada. Nunc vitae feugiat ligula, ac vulputate purus. Ut libero libero, varius sed dictum id, lacinia in sapien. Vestibulum pulvinar quis ligula et fringilla. Nullam nec augue lorem.\r\n\r\n\r\nAliquam sed eros erat. Mauris ullamcorper dolor id nisl blandit, ultricies eleifend sem sollicitudin. Cras volutpat tellus vitae ligula vulputate, ut porta dolor feugiat. Donec posuere risus eget dolor condimentum scelerisque. Maecenas malesuada felis vel viverra hendrerit. Cras interdum euismod pulvinar. Interdum et malesuada fames ac ante ipsum primis in faucibus. Pellentesque tellus elit, viverra eget suscipit a, malesuada non tellus. Duis et leo vulputate, laoreet nulla ac, faucibus nibh. Ut vitae ligula ut eros condimentum eleifend. Duis vulputate imperdiet libero, et porta odio placerat vitae. Duis nec imperdiet elit.', 0, 0, '2015-05-14 17:42:40', '2015-05-14 17:42:40'),
(7, 1, 'Praesent vitae quam vitae arcu posuer', 'madara', '1b1898.jpg', 'Nunc tincidunt, elit non cursus euismod, lacus augue ornare metus, egestas imperdiet nulla nisl quis', 'Nunc tincidunt, elit non cursus euismod, lacus augue ornare metus, egestas imperdiet nulla nisl quis mauris. Suspendisse a pharetra urna. Morbi dui lectus, pharetra nec elementum eget, vulputate ut nisi. Aliquam accumsan, nulla sed feugiat vehicula, lacus justo semper libero, quis porttitor turpis odio sit amet ligula. Duis dapibus fermentum orci, nec malesuada libero vehicula ut. Integer sodales, urna eget interdum eleifend, nulla nibh laoreet nisl, quis dignissim mauris dolor eget mi. Donec at mauris enim. Duis nisi tellus, adipiscing a convallis quis, tristique vitae risus. Nullam molestie gravida lobortis. Proin ut nibh quis felis auctor ornare. Cras ultricies, nibh at mollis faucibus, justo eros porttitor mi, quis auctor lectus arcu sit amet nunc. Vivamus gravida vehicula arcu, vitae vulputate augue lacinia faucibus.\r\nDonec volutpat nibh sit amet libero ornare non laoreet arcu luctus. Donec id arcu quis mauris euismod placerat sit amet ut metus. Sed imperdiet fringilla sem eget euismod. Pellentesque habitant morbi tristique senectus et netus et malesuada fames ac turpis egestas. Pellentesque adipiscing, neque ut pulvinar tincidunt, est sem euismod odio, eu ullamcorper turpis nisl sit amet velit. Nullam vitae nibh odio, non scelerisque nibh. Vestibulum ut est augue, in varius purus.\r\nQuisque ligulas ipsum, euismod atras vulputate iltricies etri elit. Class aptent taciti sociosqu ad litora torquent per conubia nostra, per inceptos himenaeos. Nulla nunc dui, tristique in semper vel, congue sed ligula. Nam dolor ligula, faucibus id sodales in, auctor fringilla libero. Pellentesque pellentesque tempor tellus eget hendrerit. Morbi id aliquam ligula. Aliquam id dui sem. Proin rhoncus consequat nisl, eu ornare mauris tincidunt vitae. Vestibulum sodales ante a purus volutpat euismod. Proin sodales quam nec ante sollicitudin lacinia. Ut egestas bibendum tempor. Morbi non nibh sit amet ligula blandit ullamcorper in nec risus. Pellentesque fringilla diam faucibus tortor bibendum vulputate. Etiam turpis urna, rhoncus et mattis ut, dapibus eu nunc. Nunc sed aliquet nisi. Nullam ut magna non lacus adipiscing volutpat. Aenean odio mauris, consectetur quis consequat quis, blandit a nunc. Sed orci erat, placerat ac interdum ', 0, 0, '2015-05-14 17:48:54', '2015-05-14 17:48:54'),
(8, 4, 'Nullam molestie gravida lobortis.', 'sasuke', '9b4bef.jpg', 'Nunc tincidunt, elit non cursus euismod, lacus augue ornare metus, egestas imperdiet nulla nisl quis', 'Nunc tincidunt, elit non cursus euismod, lacus augue ornare metus, egestas imperdiet nulla nisl quis mauris. Suspendisse a pharetra urna. Morbi dui lectus, pharetra nec elementum eget, vulputate ut nisi. Aliquam accumsan, nulla sed feugiat vehicula, lacus justo semper libero, quis porttitor turpis odio sit amet ligula. Duis dapibus fermentum orci, nec malesuada libero vehicula ut. Integer sodales, urna eget interdum eleifend, nulla nibh laoreet nisl, quis dignissim mauris dolor eget mi. Donec at mauris enim. Duis nisi tellus, adipiscing a convallis quis, tristique vitae risus. Nullam molestie gravida lobortis. Proin ut nibh quis felis auctor ornare. Cras ultricies, nibh at mollis faucibus, justo eros porttitor mi, quis auctor lectus arcu sit amet nunc. Vivamus gravida vehicula arcu, vitae vulputate augue lacinia faucibus.\r\nDonec volutpat nibh sit amet libero ornare non laoreet arcu luctus. Donec id arcu quis mauris euismod placerat sit amet ut metus. Sed imperdiet fringilla sem eget euismod. Pellentesque habitant morbi tristique senectus et netus et malesuada fames ac turpis egestas. Pellentesque adipiscing, neque ut pulvinar tincidunt, est sem euismod odio, eu ullamcorper turpis nisl sit amet velit. Nullam vitae nibh odio, non scelerisque nibh. Vestibulum ut est augue, in varius purus.\r\nQuisque ligulas ipsum, euismod atras vulputate iltricies etri elit. Class aptent taciti sociosqu ad litora torquent per conubia nostra, per inceptos himenaeos. Nulla nunc dui, tristique in semper vel, congue sed ligula. Nam dolor ligula, faucibus id sodales in, auctor fringilla libero. Pellentesque pellentesque tempor tellus eget hendrerit. Morbi id aliquam ligula. Aliquam id dui sem. Proin rhoncus consequat nisl, eu ornare mauris tincidunt vitae. Vestibulum sodales ante a purus volutpat euismod. Proin sodales quam nec ante sollicitudin lacinia. Ut egestas bibendum tempor. Morbi non nibh sit amet ligula blandit ullamcorper in nec risus. Pellentesque fringilla diam faucibus tortor bibendum vulputate. Etiam turpis urna, rhoncus et mattis ut, dapibus eu nunc. Nunc sed aliquet nisi. Nullam ut magna non lacus adipiscing volutpat. Aenean odio mauris, consectetur quis consequat quis, blandit a nunc. Sed orci erat, placerat ac interdum ut, suscipit eu augue. Nunc vitae mi tortor. Ut vel justo quis lectus elementum ullamcorper volutpat vel libero.', 0, 0, '2015-05-14 17:51:19', '2015-05-14 17:51:19'),
(9, 4, 'Donec volutpat nibh sit amet libero ornare', 'sasuke', 'b05da0.jpg', 'Nunc tincidunt, elit non cursus euismod, lacus augue ornare metus, egestas imperdiet nulla nisl quis', 'Nunc tincidunt, elit non cursus euismod, lacus augue ornare metus, egestas imperdiet nulla nisl quis mauris. Suspendisse a pharetra urna. Morbi dui lectus, pharetra nec elementum eget, vulputate ut nisi. Aliquam accumsan, nulla sed feugiat vehicula, lacus justo semper libero, quis porttitor turpis odio sit amet ligula. Duis dapibus fermentum orci, nec malesuada libero vehicula ut. Integer sodales, urna eget interdum eleifend, nulla nibh laoreet nisl, quis dignissim mauris dolor eget mi. Donec at mauris enim. Duis nisi tellus, adipiscing a convallis quis, tristique vitae risus. Nullam molestie gravida lobortis. Proin ut nibh quis felis auctor ornare. Cras ultricies, nibh at mollis faucibus, justo eros porttitor mi, quis auctor lectus arcu sit amet nunc. Vivamus gravida vehicula arcu, vitae vulputate augue lacinia faucibus.\r\nDonec volutpat nibh sit amet libero ornare non laoreet arcu luctus. Donec id arcu quis mauris euismod placerat sit amet ut metus. Sed imperdiet fringilla sem eget euismod. Pellentesque habitant morbi tristique senectus et netus et malesuada fames ac turpis egestas. Pellentesque adipiscing, neque ut pulvinar tincidunt, est sem euismod odio, eu ullamcorper turpis nisl sit amet velit. Nullam vitae nibh odio, non scelerisque nibh. Vestibulum ut est augue, in varius purus.\r\nQuisque ligulas ipsum, euismod atras vulputate iltricies etri elit. Class aptent taciti sociosqu ad litora torquent per conubia nostra, per inceptos himenaeos. Nulla nunc dui, tristique in semper vel, congue sed ligula. Nam dolor ligula, faucibus id sodales in, auctor fringilla libero. Pellentesque pellentesque tempor tellus eget hendrerit. Morbi id aliquam ligula. Aliquam id dui sem. Proin rhoncus consequat nisl, eu ornare mauris tincidunt vitae. Vestibulum sodales ante a purus volutpat euismod. Proin sodales quam nec ante sollicitudin lacinia. Ut egestas bibendum tempor. Morbi non nibh sit amet ligula blandit ullamcorper in nec risus. Pellentesque fringilla diam faucibus tortor bibendum vulputate. Etiam turpis urna, rhoncus et mattis ut, dapibus eu nunc. Nunc sed aliquet nisi. Nullam ut magna non lacus adipiscing volutpat. Aenean odio mauris, consectetur quis consequat quis, blandit a nunc. Sed orci erat, placerat ac interdum ut, suscipit eu augue. Nunc vitae mi tortor. Ut vel justo quis lectus elementum ullamcorper volutpat vel libero.', 0, 0, '2015-05-14 17:52:18', '2015-05-14 17:52:18'),
(10, 4, 'Duis quis erat non nunc fringilla', 'sasuke', '8beabd.jpg', 'Nunc tincidunt, elit non cursus euismod, lacus augue ornare metus, egestas imperdiet nulla nisl quis', 'Nunc tincidunt, elit non cursus euismod, lacus augue ornare metus, egestas imperdiet nulla nisl quis mauris. Suspendisse a pharetra urna. Morbi dui lectus, pharetra nec elementum eget, vulputate ut nisi. Aliquam accumsan, nulla sed feugiat vehicula, lacus justo semper libero, quis porttitor turpis odio sit amet ligula. Duis dapibus fermentum orci, nec malesuada libero vehicula ut. Integer sodales, urna eget interdum eleifend, nulla nibh laoreet nisl, quis dignissim mauris dolor eget mi. Donec at mauris enim. Duis nisi tellus, adipiscing a convallis quis, tristique vitae risus. Nullam molestie gravida lobortis. Proin ut nibh quis felis auctor ornare. Cras ultricies, nibh at mollis faucibus, justo eros porttitor mi, quis auctor lectus arcu sit amet nunc. Vivamus gravida vehicula arcu, vitae vulputate augue lacinia faucibus.\r\nDonec volutpat nibh sit amet libero ornare non laoreet arcu luctus. Donec id arcu quis mauris euismod placerat sit amet ut metus. Sed imperdiet fringilla sem eget euismod. Pellentesque habitant morbi tristique senectus et netus et malesuada fames ac turpis egestas. Pellentesque adipiscing, neque ut pulvinar tincidunt, est sem euismod odio, eu ullamcorper turpis nisl sit amet velit. Nullam vitae nibh odio, non scelerisque nibh. Vestibulum ut est augue, in varius purus.\r\nQuisque ligulas ipsum, euismod atras vulputate iltricies etri elit. Class aptent taciti sociosqu ad litora torquent per conubia nostra, per inceptos himenaeos. Nulla nunc dui, tristique in semper vel, congue sed ligula. Nam dolor ligula, faucibus id sodales in, auctor fringilla libero. Pellentesque pellentesque tempor tellus eget hendrerit. Morbi id aliquam ligula. Aliquam id dui sem. Proin rhoncus consequat nisl, eu ornare mauris tincidunt vitae. Vestibulum sodales ante a purus volutpat euismod. Proin sodales quam nec ante sollicitudin lacinia. Ut egestas bibendum tempor. Morbi non nibh sit amet ligula blandit ullamcorper in nec risus. Pellentesque fringilla diam faucibus tortor bibendum vulputate. Etiam turpis urna, rhoncus et mattis ut, dapibus eu nunc. Nunc sed aliquet nisi. Nullam ut magna non lacus adipiscing volutpat. Aenean odio mauris, consectetur quis consequat quis, blandit a nunc. Sed orci erat, placerat ac interdum ut, suscipit eu augue. Nunc vitae mi tortor. Ut vel justo quis lectus elementum ullamcorper volutpat vel libero.', 0, 0, '2015-05-14 17:53:06', '2015-05-14 17:53:06'),
(11, 4, 'Fusce luctus erat et imperdiet vulputate', 'sasuke', '375928.jpg', 'Nunc tincidunt, elit non cursus euismod, lacus augue ornare metus, egestas imperdiet nulla nisl quis', 'Nunc tincidunt, elit non cursus euismod, lacus augue ornare metus, egestas imperdiet nulla nisl quis mauris. Suspendisse a pharetra urna. Morbi dui lectus, pharetra nec elementum eget, vulputate ut nisi. Aliquam accumsan, nulla sed feugiat vehicula, lacus justo semper libero, quis porttitor turpis odio sit amet ligula. Duis dapibus fermentum orci, nec malesuada libero vehicula ut. Integer sodales, urna eget interdum eleifend, nulla nibh laoreet nisl, quis dignissim mauris dolor eget mi. Donec at mauris enim. Duis nisi tellus, adipiscing a convallis quis, tristique vitae risus. Nullam molestie gravida lobortis. Proin ut nibh quis felis auctor ornare. Cras ultricies, nibh at mollis faucibus, justo eros porttitor mi, quis auctor lectus arcu sit amet nunc. Vivamus gravida vehicula arcu, vitae vulputate augue lacinia faucibus.\r\nDonec volutpat nibh sit amet libero ornare non laoreet arcu luctus. Donec id arcu quis mauris euismod placerat sit amet ut metus. Sed imperdiet fringilla sem eget euismod. Pellentesque habitant morbi tristique senectus et netus et malesuada fames ac turpis egestas. Pellentesque adipiscing, neque ut pulvinar tincidunt, est sem euismod odio, eu ullamcorper turpis nisl sit amet velit. Nullam vitae nibh odio, non scelerisque nibh. Vestibulum ut est augue, in varius purus.\r\nQuisque ligulas ipsum, euismod atras vulputate iltricies etri elit. Class aptent taciti sociosqu ad litora torquent per conubia nostra, per inceptos himenaeos. Nulla nunc dui, tristique in semper vel, congue sed ligula. Nam dolor ligula, faucibus id sodales in, auctor fringilla libero. Pellentesque pellentesque tempor tellus eget hendrerit. Morbi id aliquam ligula. Aliquam id dui sem. Proin rhoncus consequat nisl, eu ornare mauris tincidunt vitae. Vestibulum sodales ante a purus volutpat euismod. Proin sodales quam nec ante sollicitudin lacinia. Ut egestas bibendum tempor. Morbi non nibh sit amet ligula blandit ullamcorper in nec risus. Pellentesque fringilla diam faucibus tortor bibendum vulputate. Etiam turpis urna, rhoncus et mattis ut, dapibus eu nunc. Nunc sed aliquet nisi. Nullam ut magna non lacus adipiscing volutpat. Aenean odio mauris, consectetur quis consequat quis, blandit a nunc. Sed orci erat, placerat ac interdum ut, suscipit eu augue. Nunc vitae mi tortor. Ut vel justo quis lectus elementum ullamcorper volutpat vel libero.', 0, 0, '2015-05-14 17:53:46', '2015-05-14 17:53:46'),
(12, 7, 'Charlie Foster Sitting With Her Girlfriend', 'sasuke', '390c9a.jpg', 'Nunc tincidunt, elit non cursus euismod, lacus augue ornare metus, egestas imperdiet nulla nisl quis', 'Nunc tincidunt, elit non cursus euismod, lacus augue ornare metus, egestas imperdiet nulla nisl quis mauris. Suspendisse a pharetra urna. Morbi dui lectus, pharetra nec elementum eget, vulputate ut nisi. Aliquam accumsan, nulla sed feugiat vehicula, lacus justo semper libero, quis porttitor turpis odio sit amet ligula. Duis dapibus fermentum orci, nec malesuada libero vehicula ut. Integer sodales, urna eget interdum eleifend, nulla nibh laoreet nisl, quis dignissim mauris dolor eget mi. Donec at mauris enim. Duis nisi tellus, adipiscing a convallis quis, tristique vitae risus. Nullam molestie gravida lobortis. Proin ut nibh quis felis auctor ornare. Cras ultricies, nibh at mollis faucibus, justo eros porttitor mi, quis auctor lectus arcu sit amet nunc. Vivamus gravida vehicula arcu, vitae vulputate augue lacinia faucibus.\r\nDonec volutpat nibh sit amet libero ornare non laoreet arcu luctus. Donec id arcu quis mauris euismod placerat sit amet ut metus. Sed imperdiet fringilla sem eget euismod. Pellentesque habitant morbi tristique senectus et netus et malesuada fames ac turpis egestas. Pellentesque adipiscing, neque ut pulvinar tincidunt, est sem euismod odio, eu ullamcorper turpis nisl sit amet velit. Nullam vitae nibh odio, non scelerisque nibh. Vestibulum ut est augue, in varius purus.\r\nQuisque ligulas ipsum, euismod atras vulputate iltricies etri elit. Class aptent taciti sociosqu ad litora torquent per conubia nostra, per inceptos himenaeos. Nulla nunc dui, tristique in semper vel, congue sed ligula. Nam dolor ligula, faucibus id sodales in, auctor fringilla libero. Pellentesque pellentesque tempor tellus eget hendrerit. Morbi id aliquam ligula. Aliquam id dui sem. Proin rhoncus consequat nisl, eu ornare mauris tincidunt vitae. Vestibulum sodales ante a purus volutpat euismod. Proin sodales quam nec ante sollicitudin lacinia. Ut egestas bibendum tempor. Morbi non nibh sit amet ligula blandit ullamcorper in nec risus. Pellentesque fringilla diam faucibus tortor bibendum vulputate. Etiam turpis urna, rhoncus et mattis ut, dapibus eu nunc. Nunc sed aliquet nisi. Nullam ut magna non lacus adipiscing volutpat. Aenean odio mauris, consectetur quis consequat quis, blandit a nunc. Sed orci erat, placerat ac interdum ut, suscipit eu augue. Nunc vitae mi tortor. Ut vel justo quis lectus elementum ullamcorper volutpat vel libero.', 0, 0, '2015-05-14 17:57:12', '2015-05-14 17:57:12'),
(13, 7, 'Florian Klauer For a Relatively Simple Bicycle', 'sasuke', '4aa2d2.jpg', 'Nunc tincidunt, elit non cursus euismod, lacus augue ornare metus, egestas imperdiet nulla nisl quis', 'Nunc tincidunt, elit non cursus euismod, lacus augue ornare metus, egestas imperdiet nulla nisl quis mauris. Suspendisse a pharetra urna. Morbi dui lectus, pharetra nec elementum eget, vulputate ut nisi. Aliquam accumsan, nulla sed feugiat vehicula, lacus justo semper libero, quis porttitor turpis odio sit amet ligula. Duis dapibus fermentum orci, nec malesuada libero vehicula ut. Integer sodales, urna eget interdum eleifend, nulla nibh laoreet nisl, quis dignissim mauris dolor eget mi. Donec at mauris enim. Duis nisi tellus, adipiscing a convallis quis, tristique vitae risus. Nullam molestie gravida lobortis. Proin ut nibh quis felis auctor ornare. Cras ultricies, nibh at mollis faucibus, justo eros porttitor mi, quis auctor lectus arcu sit amet nunc. Vivamus gravida vehicula arcu, vitae vulputate augue lacinia faucibus.\r\nDonec volutpat nibh sit amet libero ornare non laoreet arcu luctus. Donec id arcu quis mauris euismod placerat sit amet ut metus. Sed imperdiet fringilla sem eget euismod. Pellentesque habitant morbi tristique senectus et netus et malesuada fames ac turpis egestas. Pellentesque adipiscing, neque ut pulvinar tincidunt, est sem euismod odio, eu ullamcorper turpis nisl sit amet velit. Nullam vitae nibh odio, non scelerisque nibh. Vestibulum ut est augue, in varius purus.\r\nQuisque ligulas ipsum, euismod atras vulputate iltricies etri elit. Class aptent taciti sociosqu ad litora torquent per conubia nostra, per inceptos himenaeos. Nulla nunc dui, tristique in semper vel, congue sed ligula. Nam dolor ligula, faucibus id sodales in, auctor fringilla libero. Pellentesque pellentesque tempor tellus eget hendrerit. Morbi id aliquam ligula. Aliquam id dui sem. Proin rhoncus consequat nisl, eu ornare mauris tincidunt vitae. Vestibulum sodales ante a purus volutpat euismod. Proin sodales quam nec ante sollicitudin lacinia. Ut egestas bibendum tempor. Morbi non nibh sit amet ligula blandit ullamcorper in nec risus. Pellentesque fringilla diam faucibus tortor bibendum vulputate. Etiam turpis urna, rhoncus et mattis ut, dapibus eu nunc. Nunc sed aliquet nisi. Nullam ut magna non lacus adipiscing volutpat. Aenean odio mauris, consectetur quis consequat quis, blandit a nunc. Sed orci erat, placerat ac interdum ut, suscipit eu augue. Nunc vitae mi tortor. Ut vel justo quis lectus elementum ullamcorper volutpat vel libero.', 0, 0, '2015-05-14 17:58:02', '2015-05-14 17:58:02'),
(14, 6, 'Jennifer Trovato Photographer from New Zeland – Australia', 'sasuke', 'e560ec.jpg', 'Nunc tincidunt, elit non cursus euismod, lacus augue ornare metus, egestas imperdiet nulla nisl quis', 'Nunc tincidunt, elit non cursus euismod, lacus augue ornare metus, egestas imperdiet nulla nisl quis mauris. Suspendisse a pharetra urna. Morbi dui lectus, pharetra nec elementum eget, vulputate ut nisi. Aliquam accumsan, nulla sed feugiat vehicula, lacus justo semper libero, quis porttitor turpis odio sit amet ligula. Duis dapibus fermentum orci, nec malesuada libero vehicula ut. Integer sodales, urna eget interdum eleifend, nulla nibh laoreet nisl, quis dignissim mauris dolor eget mi. Donec at mauris enim. Duis nisi tellus, adipiscing a convallis quis, tristique vitae risus. Nullam molestie gravida lobortis. Proin ut nibh quis felis auctor ornare. Cras ultricies, nibh at mollis faucibus, justo eros porttitor mi, quis auctor lectus arcu sit amet nunc. Vivamus gravida vehicula arcu, vitae vulputate augue lacinia faucibus.\r\nDonec volutpat nibh sit amet libero ornare non laoreet arcu luctus. Donec id arcu quis mauris euismod placerat sit amet ut metus. Sed imperdiet fringilla sem eget euismod. Pellentesque habitant morbi tristique senectus et netus et malesuada fames ac turpis egestas. Pellentesque adipiscing, neque ut pulvinar tincidunt, est sem euismod odio, eu ullamcorper turpis nisl sit amet velit. Nullam vitae nibh odio, non scelerisque nibh. Vestibulum ut est augue, in varius purus.\r\nQuisque ligulas ipsum, euismod atras vulputate iltricies etri elit. Class aptent taciti sociosqu ad litora torquent per conubia nostra, per inceptos himenaeos. Nulla nunc dui, tristique in semper vel, congue sed ligula. Nam dolor ligula, faucibus id sodales in, auctor fringilla libero. Pellentesque pellentesque tempor tellus eget hendrerit. Morbi id aliquam ligula. Aliquam id dui sem. Proin rhoncus consequat nisl, eu ornare mauris tincidunt vitae. Vestibulum sodales ante a purus volutpat euismod. Proin sodales quam nec ante sollicitudin lacinia. Ut egestas bibendum tempor. Morbi non nibh sit amet ligula blandit ullamcorper in nec risus. Pellentesque fringilla diam faucibus tortor bibendum vulputate. Etiam turpis urna, rhoncus et mattis ut, dapibus eu nunc. Nunc sed aliquet nisi. Nullam ut magna non lacus adipiscing volutpat. Aenean odio mauris, consectetur quis consequat quis, blandit a nunc. Sed orci erat, placerat ac interdum ut, suscipit eu augue. Nunc vitae mi tortor. Ut vel justo quis lectus elementum ullamcorper volutpat vel libero.', 0, 0, '2015-05-14 17:59:20', '2015-05-14 17:59:20'),
(15, 5, 'Morbi dapibus, enim quis luctus interdum', 'shalim', '83b063.jpg', 'Nunc tincidunt, elit non cursus euismod, lacus augue ornare metus, egestas imperdiet nulla nisl quis', 'Nunc tincidunt, elit non cursus euismod, lacus augue ornare metus, egestas imperdiet nulla nisl quis mauris. Suspendisse a pharetra urna. Morbi dui lectus, pharetra nec elementum eget, vulputate ut nisi. Aliquam accumsan, nulla sed feugiat vehicula, lacus justo semper libero, quis porttitor turpis odio sit amet ligula. Duis dapibus fermentum orci, nec malesuada libero vehicula ut. Integer sodales, urna eget interdum eleifend, nulla nibh laoreet nisl, quis dignissim mauris dolor eget mi. Donec at mauris enim. Duis nisi tellus, adipiscing a convallis quis, tristique vitae risus. Nullam molestie gravida lobortis. Proin ut nibh quis felis auctor ornare. Cras ultricies, nibh at mollis faucibus, justo eros porttitor mi, quis auctor lectus arcu sit amet nunc. Vivamus gravida vehicula arcu, vitae vulputate augue lacinia faucibus.\r\nDonec volutpat nibh sit amet libero ornare non laoreet arcu luctus. Donec id arcu quis mauris euismod placerat sit amet ut metus. Sed imperdiet fringilla sem eget euismod. Pellentesque habitant morbi tristique senectus et netus et malesuada fames ac turpis egestas. Pellentesque adipiscing, neque ut pulvinar tincidunt, est sem euismod odio, eu ullamcorper turpis nisl sit amet velit. Nullam vitae nibh odio, non scelerisque nibh. Vestibulum ut est augue, in varius purus.\r\nQuisque ligulas ipsum, euismod atras vulputate iltricies etri elit. Class aptent taciti sociosqu ad litora torquent per conubia nostra, per inceptos himenaeos. Nulla nunc dui, tristique in semper vel, congue sed ligula. Nam dolor ligula, faucibus id sodales in, auctor fringilla libero. Pellentesque pellentesque tempor tellus eget hendrerit. Morbi id aliquam ligula. Aliquam id dui sem. Proin rhoncus consequat nisl, eu ornare mauris tincidunt vitae. Vestibulum sodales ante a purus volutpat euismod. Proin sodales quam nec ante sollicitudin lacinia. Ut egestas bibendum tempor. Morbi non nibh sit amet ligula blandit ullamcorper in nec risus. Pellentesque fringilla diam faucibus tortor bibendum vulputate. Etiam turpis urna, rhoncus et mattis ut, dapibus eu nunc. Nunc sed aliquet nisi. Nullam ut magna non lacus adipiscing volutpat. Aenean odio mauris, consectetur quis consequat quis, blandit a nunc. Sed orci erat, placerat ac interdum ut, suscipit eu augue. Nunc vitae mi tortor. Ut vel justo quis lectus elementum ullamcorper volutpat vel libero.', 0, 0, '2015-05-14 18:00:56', '2015-05-14 18:00:56'),
(16, 5, 'Gabe Rodriguez Loves Photographing OldTimers', 'shalim', 'c3b1ff.jpg', 'Nunc tincidunt, elit non cursus euismod, lacus augue ornare metus, egestas imperdiet nulla nisl quis', 'Nunc tincidunt, elit non cursus euismod, lacus augue ornare metus, egestas imperdiet nulla nisl quis mauris. Suspendisse a pharetra urna. Morbi dui lectus, pharetra nec elementum eget, vulputate ut nisi. Aliquam accumsan, nulla sed feugiat vehicula, lacus justo semper libero, quis porttitor turpis odio sit amet ligula. Duis dapibus fermentum orci, nec malesuada libero vehicula ut. Integer sodales, urna eget interdum eleifend, nulla nibh laoreet nisl, quis dignissim mauris dolor eget mi. Donec at mauris enim. Duis nisi tellus, adipiscing a convallis quis, tristique vitae risus. Nullam molestie gravida lobortis. Proin ut nibh quis felis auctor ornare. Cras ultricies, nibh at mollis faucibus, justo eros porttitor mi, quis auctor lectus arcu sit amet nunc. Vivamus gravida vehicula arcu, vitae vulputate augue lacinia faucibus.\r\nDonec volutpat nibh sit amet libero ornare non laoreet arcu luctus. Donec id arcu quis mauris euismod placerat sit amet ut metus. Sed imperdiet fringilla sem eget euismod. Pellentesque habitant morbi tristique senectus et netus et malesuada fames ac turpis egestas. Pellentesque adipiscing, neque ut pulvinar tincidunt, est sem euismod odio, eu ullamcorper turpis nisl sit amet velit. Nullam vitae nibh odio, non scelerisque nibh. Vestibulum ut est augue, in varius purus.\r\nQuisque ligulas ipsum, euismod atras vulputate iltricies etri elit. Class aptent taciti sociosqu ad litora torquent per conubia nostra, per inceptos himenaeos. Nulla nunc dui, tristique in semper vel, congue sed ligula. Nam dolor ligula, faucibus id sodales in, auctor fringilla libero. Pellentesque pellentesque tempor tellus eget hendrerit. Morbi id aliquam ligula. Aliquam id dui sem. Proin rhoncus consequat nisl, eu ornare mauris tincidunt vitae. Vestibulum sodales ante a purus volutpat euismod. Proin sodales quam nec ante sollicitudin lacinia. Ut egestas bibendum tempor. Morbi non nibh sit amet ligula blandit ullamcorper in nec risus. Pellentesque fringilla diam faucibus tortor bibendum vulputate. Etiam turpis urna, rhoncus et mattis ut, dapibus eu nunc. Nunc sed aliquet nisi. Nullam ut magna non lacus adipiscing volutpat. Aenean odio mauris, consectetur quis consequat quis, blandit a nunc. Sed orci erat, placerat ac interdum ut, suscipit eu augue. Nunc vitae mi tortor. Ut vel justo quis lectus elementum ullamcorper volutpat vel libero.', 0, 0, '2015-05-14 18:02:29', '2015-05-14 18:02:29'),
(17, 1, 'Nathalie Gouzée Loves Skiing over the Winter', 'shalim', '45d391.jpg', 'Nunc tincidunt, elit non cursus euismod, lacus augue ornare metus, egestas imperdiet nulla nisl quis', 'Nunc tincidunt, elit non cursus euismod, lacus augue ornare metus, egestas imperdiet nulla nisl quis mauris. Suspendisse a pharetra urna. Morbi dui lectus, pharetra nec elementum eget, vulputate ut nisi. Aliquam accumsan, nulla sed feugiat vehicula, lacus justo semper libero, quis porttitor turpis odio sit amet ligula. Duis dapibus fermentum orci, nec malesuada libero vehicula ut. Integer sodales, urna eget interdum eleifend, nulla nibh laoreet nisl, quis dignissim mauris dolor eget mi. Donec at mauris enim. Duis nisi tellus, adipiscing a convallis quis, tristique vitae risus. Nullam molestie gravida lobortis. Proin ut nibh quis felis auctor ornare. Cras ultricies, nibh at mollis faucibus, justo eros porttitor mi, quis auctor lectus arcu sit amet nunc. Vivamus gravida vehicula arcu, vitae vulputate augue lacinia faucibus.\r\nDonec volutpat nibh sit amet libero ornare non laoreet arcu luctus. Donec id arcu quis mauris euismod placerat sit amet ut metus. Sed imperdiet fringilla sem eget euismod. Pellentesque habitant morbi tristique senectus et netus et malesuada fames ac turpis egestas. Pellentesque adipiscing, neque ut pulvinar tincidunt, est sem euismod odio, eu ullamcorper turpis nisl sit amet velit. Nullam vitae nibh odio, non scelerisque nibh. Vestibulum ut est augue, in varius purus.\r\nQuisque ligulas ipsum, euismod atras vulputate iltricies etri elit. Class aptent taciti sociosqu ad litora torquent per conubia nostra, per inceptos himenaeos. Nulla nunc dui, tristique in semper vel, congue sed ligula. Nam dolor ligula, faucibus id sodales in, auctor fringilla libero. Pellentesque pellentesque tempor tellus eget hendrerit. Morbi id aliquam ligula. Aliquam id dui sem. Proin rhoncus consequat nisl, eu ornare mauris tincidunt vitae. Vestibulum sodales ante a purus volutpat euismod. Proin sodales quam nec ante sollicitudin lacinia. Ut egestas bibendum tempor. Morbi non nibh sit amet ligula blandit ullamcorper in nec risus. Pellentesque fringilla diam faucibus tortor bibendum vulputate. Etiam turpis urna, rhoncus et mattis ut, dapibus eu nunc. Nunc sed aliquet nisi. Nullam ut magna non lacus adipiscing volutpat. Aenean odio mauris, consectetur quis consequat quis, blandit a nunc. Sed orci erat, placerat ac interdum ut, suscipit eu augue. Nunc vitae mi tortor. Ut vel justo quis lectus elementum ullamcorper volutpat vel libero.', 1, 0, '2015-05-14 18:03:18', '2015-05-14 18:03:18');

-- --------------------------------------------------------

--
-- Table structure for table `users`
--

CREATE TABLE IF NOT EXISTS `users` (
  `id` int(10) unsigned NOT NULL AUTO_INCREMENT,
  `username` varchar(255) COLLATE utf8_unicode_ci NOT NULL,
  `usermail` varchar(255) COLLATE utf8_unicode_ci NOT NULL,
  `register` varchar(255) COLLATE utf8_unicode_ci NOT NULL,
  `password` varchar(255) COLLATE utf8_unicode_ci NOT NULL,
  `pictured` varchar(255) COLLATE utf8_unicode_ci NOT NULL,
  `remember_token` varchar(100) COLLATE utf8_unicode_ci DEFAULT NULL,
  `created_at` timestamp NOT NULL DEFAULT '0000-00-00 00:00:00',
  `updated_at` timestamp NOT NULL DEFAULT '0000-00-00 00:00:00',
  PRIMARY KEY (`id`)
) ENGINE=InnoDB  DEFAULT CHARSET=utf8 COLLATE=utf8_unicode_ci AUTO_INCREMENT=5 ;

--
-- Dumping data for table `users`
--

INSERT INTO `users` (`id`, `username`, `usermail`, `register`, `password`, `pictured`, `remember_token`, `created_at`, `updated_at`) VALUES
(1, 'itachi', 'itachi@gmail.com', 'register', '$2y$10$QOT/Y/zRmxfbAH7L0SXCu./RaNAm51QEROaku5zPOvMhGajgK3sti', '', 'S2VM6KL3Ca10TfkjRybv1DeCqCbHGaEcb9a044hAFiQWDUa7hUqYEZ6mjTsn', '2015-05-14 06:49:39', '2015-05-14 10:35:43'),
(2, 'madara', 'madara@gmail.com', 'register', '$2y$10$9rOPZiITIa24YuyrcZQMDO1Ia5tomX/4E3aNMJxpWpxZz/MV657yC', '', 'PLbVM2ypqmuSax9oitS8uc1y4ZA47ng04XrGXkmstNIb7pxVf0DFOVn7kU27', '2015-05-14 10:36:34', '2015-05-14 10:50:04'),
(3, 'sasuke', 'sasuke@gmail.com', 'register', '$2y$10$/HWXx3dx7urQmPIpF6vWSeLdc8DBjyFAsiQDh2zT.iGNH7CRs0TrC', '', 'YpzcY5tUPfQCxFUKV1Ctng0LSzJEwWitcvlniyXsbbBccSPlWgFGJL983tod', '2015-05-14 10:50:25', '2015-05-14 10:59:33'),
(4, 'shalim', 'shalim@gmail.com', 'register', '$2y$10$J20CqgCigdWsdgSz2shh6.dmEwGURbqdluMRKFCzKfELyLa5fcD4.', '', 'RQH4GFL0v80voTq7Hutf8Pn74YhfgY8dAij4ljzgkJiXhE7mf59bphyKUsVN', '2015-05-14 10:59:54', '2015-05-14 11:06:30');

/*!40101 SET CHARACTER_SET_CLIENT=@OLD_CHARACTER_SET_CLIENT */;
/*!40101 SET CHARACTER_SET_RESULTS=@OLD_CHARACTER_SET_RESULTS */;
/*!40101 SET COLLATION_CONNECTION=@OLD_COLLATION_CONNECTION */;
